Name,Description,Primary Industry,Size,Type,Location,Country,Domain,LinkedIn URL
Climate Analytics,Climate Analytics is a global climate science and policy institute working to accelerate climate action and keep warming below 1.5°C.,Climate Data and Analytics,51-200 employees,Non Profit,"Perth, Western Australia, Australia",Australia,climateanalytics.org,https://www.linkedin.com/company/climate-analytics
Unravel Carbon,"Unravel Carbon is the world’s first agentic platform for sustainability outcomes. Our AI agents and award-winning sustainability management platform set us apart. 

Our solutions are used by leading global companies and consultants in more than 50 countries to simplify emissions tracking, meet global regulatory standards, and accelerate climate action.

Our calculation methodology is certified by TÜV Rheinland against the GHG Protocol corporate standard for Scope 1, 2, and 3 emissions, and the ISO 14064 series for GHG inventories.

We ensure data security with our ISO 27001 certification and SOC 2 Type 1 attestation.

At Unravel Carbon, we are driven by a powerful mission: to accelerate the world's progress toward a zero-carbon economy. 

Unravel Carbon is backed by top-tier investors including Y Combinator and Sequoia Capital, and has offices in the U.S., Japan, Australia and Singapore. For more information please visit unravelcarbon.com.",Climate Data and Analytics,11-50 employees,Privately Held,"Sydney, New South Wales, Australia",Australia,unravelcarbon.com,https://www.linkedin.com/company/unravelcarbon
Reask,"Reask is a science and technology company applying cutting-edge data science techniques to natural hazard modelling.

Follow us on Twitter: @reaskearth",Climate Data and Analytics,11-50 employees,Privately Held,"Sydney, New South Wales, Australia",Australia,reask.earth,https://www.linkedin.com/company/reask-earth
XDI (Cross Dependency Initiative),"Our goal is to accelerate action on climate change by embedding physical climate risk data in all decisions.

As the physical climate risk experts, we’re here to help you - whether at the start of your journey, or advanced, we deliver actionable results.

We’re independent.

XDI is part of The Climate Risk Group, a group of companies committed to quantifying and communicating the costs of climate change.

We’re serious about climate.

Ours is a mission-driven company.
We exist to help our clients and community understand and manage unavoidable climate change, whilst demonstrating the imperative for a low carbon world.  

We see every contract as a collaboration. We are trusted by governments, NGOs, companies, banks and communities  - and while some see themselves in opposite corners - we believe it will take all actors working together to solve this challenge.

We’ve got heart

Data and information alone do not create change: data needs humanity and humanity needs ambition.
Our vision is not just to identify physical climate risks, but to also mitigate them.
Our goal is a more climate-resilient community.
Our approach is to work with you over the course of your climate risk journey.",Climate Data and Analytics,11-50 employees,Privately Held,"Sydney, New South Wales, Australia",Australia,xdi.systems,https://www.linkedin.com/company/xdi-systems
Geoneon,Geoneon is a technology firm that leverages advanced AI and Earth Observation to deliver actionable insights on climate risks. Our cutting-edge solutions bridge the gaps between complex environmental data and reporting empowering organisations to enhance climate risk disclosures and drive  sustainability initiatives.,Climate Data and Analytics,2-10 employees,Privately Held,"Hobart, Tasmania, Australia",Australia,geoneon.com,https://www.linkedin.com/company/geoneon
Centre for Climate Risk and Resilience,"The Centre for Climate Risk and Resilience, located at UTS Business School,  supports businesses in taking urgent and immediate collaborative action to decarbonise the economy and regenerate Country and planetary health. The Centre contributes to the School’s efforts to close the gap between knowledge and action by providing evidence-based research, education and advice to policymakers, business, and community leaders.",Climate Data and Analytics,11-50 employees,Non Profit,"Sydney, New South Wales, Australia",Australia,,https://www.linkedin.com/company/centre-for-climate-risk-and-resilience
VALAI,"ValAi is a digital engagement specialist empowering businesses, financial institutions, and homeowners to make informed, sustainable decisions. By integrating advanced analytics, behavioural science, and financial insights, we simplify energy action and property investment—bridging the gap between corporate brands and their retail consumers to drive measurable impact.

Our proprietary technology identifies the right property upgrades with high return potential while assessing asset risks, energy efficiency, and financial impacts. We provide clear, actionable pathways for profitable and sustainable investments.

Through automation, analytics, and digital engagement tools, ValAi reduces the complexity and time required to adopt sustainability strategies—cutting investigation time by 90%. Our trusted partner network supports upgrade quotes, financing, and implementation, streamlining home electrification and decarbonisation initiatives.

Corporate-to-Consumer Engagement for Climate Action
ValAi partners with financial services, property professionals, and industry leaders to embed sustainability into mainstream investment. Our platform delivers fast, data-driven insights, enabling businesses to engage customers in climate-positive actions.

Using data and behavioural analytics, businesses can offer personalised sustainability roadmaps, strengthening relationships and fostering commitment to a low-carbon future. Our digital tools help corporate brands engage retail consumers, making climate action accessible, measurable, and impactful.

At ValAi, we combine technology with a personal touch, equipping users with data-driven insights to support their decisions.

Built for Impact
Founded by change-maker Allys Todd and property valuer Tom Reed, ValAi was created to make property sustainability simple, transparent, and profitable for a new generation.",Climate Data and Analytics,2-10 employees,Privately Held,"Adelaide, South Australia, Australia",Australia,valai.io,https://www.linkedin.com/company/valai
Low Carbon Materials Hub,"Low Carbon Materials Hub is a climate technology company committed to tracking and reducing carbon emissions in the global construction sector by promoting the widespread adoption of low carbon materials. Powered by AI and supported by industry expertise, we are creating the most accessible and interactive digital hub for Environmental Product Declarations (EPDs). Our goal is to support the industry’s transition to net zero and contribute to a more sustainable built environment.

Our Services:

- Digitised EPD Database 
Search and compare products across ANZ by environmental indicators, specifications and locations.

- Nulla – Embodied Carbon Co-Pilot
AI-powered tool that converts quantity take-offs into carbon footprints in minutes, at a fraction of the cost.

- LCA & Scope 3 Reporting 
End to end advisory: baseline studies, design stage modeling, reduction strategies and GHG-Protocol-aligned Scope 3 inventories.

Whether you’re just starting your low carbon journey or looking to scale up your sustainability practice, LCMH equips you with the data, the technology and the expertise to deliver measurable results - faster, simpler and more cost effectively than ever before.",Climate Data and Analytics,2-10 employees,Privately Held,"Melbourne, Victoria, Australia",Australia,lcmhub.com,https://www.linkedin.com/company/low-carbon-materials-hub
RepuTex Energy,"Established in 1999, RepuTex is a leading provider of modelling services for the Australian electricity, renewable energy and emissions markets.

Our forecasts and analysis have been at the forefront of energy and climate thinking for over two decades, with a strong history of providing trusted, data-driven analysis for public and private sector customers in Australia and Asia.

We have worked with over 150 customers across Australia and Asia-Pacific – including government policymakers, regulators, high emitting companies and large energy users, project developers, investors and capital markets – working across the Electricity, Renewable Energy and Carbon and Climate Change service streams.

RepuTex has offices in Melbourne and Hong Kong, with a team of analysts with backgrounds in energy commodities, policy and regulation, meteorology, mathematics and engineering. The company is a winner of the China Light and Power-Australia China Business Award for energy and climate research across Asia-Pacific.

CONTACT US
Client Services Australia: +613 9600 0990 
Client Services Asia: +852 2899 2418",Climate Data and Analytics,11-50 employees,Privately Held,"Melbourne, Victoria, Australia",Australia,reputex.com,https://www.linkedin.com/company/reputex
Volta Rocks Pty Ltd,"VoltaRocks — the customer portal for home electrification

www.voltarocks.com

We make home electrification simple for households—and scalable for the businesses that serve them. VoltaRocks combines a consumer-grade portal with a PIM + pricebook + API engine (our “42” platform) so partners can publish transparent, personalised offers in minutes.

What we do

For households

Enter your address → see eligibility and clear options (solar, batteries, energy plans, efficient appliances).

Personalise with usage/bill data, then save and compare in your Quote Vault—no account hassle.

Transparent pricing, assumptions and incentives. No cold calls. No guesswork.

For partners & retailers

One source of truth for products, bundles and pricing.

Launch co-branded portals and embeddable widgets; syndicate to your site, CRM and campaigns via API.

Generate qualified, context-rich leads and track what converts.

Why it matters

Electrification is booming, but the buying experience is fragmented and opaque. We replace cold-call sales and forum scavenger hunts with clarity, speed and trust—for every home and every partner.

How it works (fast)

Catalogue & bundle in 42 (PIM + pricebook).

Publish your co-branded portal or widget.

Convert with a clean flow: address → eligibility → personalise → save/compare → hand-off.

What we stand for

Transparency first: “Why this” explanations and clear incentive rules.

Privacy by design: consented data, tenant-scoped, export/delete controls.

Accessibility & speed: fast, readable, mobile-first by default.

Ready to electrify the journey?

Households: join the waitlist at voltarocks.com

Partners/Retailers: Book a demo and spin up your portal

#Electrification #EnergyTransition #HomeEnergy #Solar #Batteries #EnergyEfficiency #CustomerPortal #CleanTech #VoltaRocks",Climate Data and Analytics,11-50 employees,Privately Held,"Geelong, Victoria, Australia",Australia,voltarocks.com,https://www.linkedin.com/company/voltarocks
Terran Industries,"Climate risk is financial risk. We make it measurable.

Terran Industries is an enterprise-grade climate risk intelligence firm. We quantify climate exposure in financial terms — giving boards, CFOs, and leadership teams the data to protect enterprise value, reduce regulatory exposure, and make risk-adjusted decisions.

At our core is the Lex Framework — a science-based, CFO-ready architecture built on 7 strategic Pillars and 42 measurable Elements. Lex integrates every major global ESG and climate disclosure standard into a single system. Every Element is tracked through impact, financial, and operational metrics.

Our Capabilities:
 Climate & ESG risk diagnostics across environmental, economic, supply chain, reputational, operational, and regulatory risk domains
 ESG reporting & regulatory alignment — CSRD, TCFD, ISSB, ASRS, GRI, SASB, SEC climate disclosure rules, UN SDGs
 Carbon accounting & emissions management — Scope 1, 2, 3 analysis, science-based targets, reduction strategies
 Supply chain sustainability & third-party risk assessment — supplier ESG due diligence, Scope 3 liability mapping
 Climate adaptation & resilience planning — scenario modelling, physical and transition risk quantification
 Double materiality assessments — impact and financial materiality
 Outsourced CSO services — fractional Chief Sustainability Officer capability
 ESG data management & audit-ready reporting
 Greenwashing prevention — scientifically verified, auditable evidence

We are scientists, analysts, and risk specialists — not consultants in disguise. Our work is grounded in current science, tested methodology, and commercial realities.
Every dollar unaccounted for in climate exposure is a future liability. We turn that blind spot into a strategic advantage.
 admin@terranindustries.com.au  terranindustries.io",Climate Data and Analytics,11-50 employees,Privately Held,"Melbourne, Victoria, Australia",Australia,terranindustries.io,https://www.linkedin.com/company/terran-industries
SumClimate,"SumClimate quantifies climate risk across land and real assets. Our technology delivers automated, audit-grade measurement of GHG emissions, financed emissions and climate risk metrics at both portfolio and asset level. We support organisations in meeting mandatory reporting requirements and, critically, in understanding and managing climate risk.",Climate Data and Analytics,2-10 employees,Privately Held,"Sydney, New South Wales, Australia",Australia,sumclimate.com,https://www.linkedin.com/company/sumclimate
carloop,"carloop is an Australian company that collects and analyses data on electric vehicles (EVs). We use this data to help Australia reduce transport emissions and tackle climate change. We track the uptake of EVs in Australia, analyse the demographics of EV owners, and provide insights to help companies, government departments and authorities, and LGAs be better prepared for the EV transition. 

carloop is committed to helping Australia transition to a clean, sustainable transportation future. We believe that EVs are a key part of the solution to climate change, and we are working to make them more accessible and affordable for everyone.",Climate Data and Analytics,2-10 employees,Privately Held,"Melbourne, Victoria, Australia",Australia,carloop.com.au,https://www.linkedin.com/company/carloop
Vyzrd,"VyzrdTM is the industry leading climate risk and ESG integration intelligence platform. Our Gen-AI enabled platform quantifies the financial, strategic and operational implications of climate change and ESG to company performance and valuation. 

Vyzrd offers industry leading climate and ESG solutions to diverse clients, including Fortune 500 companies, consulting firms, governments, financial institutions, corporates, and SMEs. Our solutions empower executives, Boards, and investors with business-critical insights for a range of use-cases including investment analysis, portfolio assessment, M&A transactions, Net Zero strategies, among others.",Climate Data and Analytics,11-50 employees,Privately Held,"Sydney, New South Wales, Australia",Australia,vyzrd.com,https://www.linkedin.com/company/vyzrd
Mantaray,"Mantaray is a sustainable procurement platform that helps companies easily find sustainability data on their existing suppliers, as well as a curated selection of climate-friendly alternatives, so that they have the information they need to consider sustainability early in the supplier selection process.

Participating in Techstars Sydney '23 powered by the NSW Government",Climate Data and Analytics,2-10 employees,Privately Held,"Sydney, New South Wales, Australia",Australia,mantarayclimate.com,https://www.linkedin.com/company/mantaray-climate
28Watt,28Watt helps Australian homeowners save money by making their homes more energy-efficient.,Climate Data and Analytics,2-10 employees,Privately Held,"Sydney, New South Wales, Australia",Australia,28watt.com.au,https://www.linkedin.com/company/28watt
Vision Grid,"The energy transition is impacting the grid at every level, from large scale renewable connections, to customers making the switch to electric vehicles and installing rooftop solar and home batteries at ever faster pace.

Vision is the result of years of collaboration with utilities at the forefront of this transition. We are a modern data-driven platform, built to support you in planning efficiently for the decarbonized and decentralized grid of the future. Over the past five years, Vision has established itself as the leading forecasting and planning platform in Australia.

Vision is part of Blunomy, a global company focused on accelerating the transition to a sustainable future, through strategy advisory services and the development of data & digital solutions.",Climate Data and Analytics,11-50 employees,Privately Held,"Melbourne, Victoria, Australia",Australia,vision-grid.com,https://www.linkedin.com/company/vision-grid
ClimAdapt,"ClimAdapt is a climate-tech startup dedicated to building resilience in agriculture. We developed an AI-driven SaaS platform that integrates climate models, geospatial (GIS) data, and advanced analytics to help farmers, industry groups, and policymakers anticipate risks and make smarter, more sustainable decisions.
ClimAdapt's technology democratizes access to cutting-edge climate science, transforming complex data into actionable insights for viticulture, broadacre cropping, and forestry. By doing so, we empower businesses across the agricultural supply chain to adapt production systems, protect yields, and safeguard livelihoods in the face of climate change.

We are currently piloting projects in partnership with Wines of Western Australia, leading cropping growers’ groups, and research institutions like CSIRO.",Climate Data and Analytics,2-10 employees,Privately Held,"Albany, Western Australia, Australia",Australia,climadapt.ai,https://www.linkedin.com/company/climadaptai
ESGInsights,"Sustainable impact made easy.  Enhance your company's sustainability impact effortlessly. Uncover actionable insights on energy efficiency, progress, and environmental benefits.Enhance your company's sustainability impact effortlessly. Uncover actionable insights on energy efficiency, emission reduction progress, cost and environmental benefits. 
Simplify workflows, monitors key metrics, and seamlessly support sustainability initiatives, ensuring your dedication to mitigating climate risks and reducing carbon emissions stands out effortlessly.",Climate Data and Analytics,2-10 employees,Privately Held,"Melbourne, Vic, Victoria, Australia",Australia,,https://www.linkedin.com/company/esginsightful
Envirolapse,"At Envirolapse, we’re a team of climate-driven technologists, adventurers, and problem-solvers working to make environmental monitoring smarter, more scalable, and more impactful.

We are a deep-tech climate company building real-time environmental monitoring systems for extreme and remote environments — combining AI, ruggedised hardware, and smart data pipelines to improve safety, scientific research, and sustainability outcomes.

Our mission is to deliver real-time, visual environmental insights using advanced camera systems, weather stations, and edge-based data tools—empowering researchers, industries, and frontline decision-makers to act quickly, safely, and responsibly in the face of a rapidly changing planet.

From the glaciers of Antarctica to alpine corridors in Aotearoa and the Canadian Rockies, we design and deploy remote-access systems that monitor avalanche activity, track glacial retreat, support search and rescue, and reduce emissions by replacing the need for high-risk, high-emission field visits.

We believe data should be more than numbers — it should tell stories, save lives, and drive meaningful, real-world impact. That belief powers our vision: to lead a new era of climate visibility and resilience through bold innovation, deep field experience, and a commitment to protecting the world’s wildest places.",Climate Data and Analytics,2-10 employees,Privately Held,"Brisbane, Queensland, Australia",Australia,envirolapse.com,https://www.linkedin.com/company/envirolapse
getting to zero,"Getting to zero provides consultancy services to finance, operations and sustainability teams across sectors.  We support with advisory, design and implementation services in three ways. First, we help your data & strategy to understand technology options and set a strong foundation to manage and integrate ESG data with financial and operational data. Second, we support CFOs to report & disclose by embedding ESG into internal reporting and mandatory disclosures. Finally, we help you plan & reduce by connecting drivers into your integrated business planning processes and your supply chain to identify growth scenarios that reduce carbon pollution. 

Around half of Greenhouse Gas (GHG) emissions are produced by larger SMEs. However, only 10% are currently measuring their emissions. A lack of skills and knowledge make planning and reporting on climate-related metrics a challenge. We are here to solve this problem. 

We implement best-in-class emission disclosure solutions for organisations to report on sustainability. With Data & Analytics expertise, we connect your carbon emissions and ESG data with Financial, People, & Operational data to help you embed sustainability across your firm and build strategies on your journey to decarbonise profitably.  

Mandatory reporting is now an urgent priority for Boards. From ESRS in Europe, the SEC in the US, to the International Sustainability Standards Board (ISSB part of IFRS) in countries like Australia, New Zealand, Singapore, Japan and Malaysia. New mandatory disclosures have arrived - and they are impacting many mid-sized firms for the first time. 

You can be compliant with new legislation while strengthening your business reputation with customers and stakeholders as a leader in your industry. Run your business more efficiently and profitably while making a positive impact. 

Accelerate your zero-emission transition with Getting to Zero.",Climate Data and Analytics,11-50 employees,Privately Held,"Melbourne, Victoria, Australia",Australia,gettingtozero.io,https://www.linkedin.com/company/getting-to-zero
Informed.City,"Informed.City is a climate change advisory and training company that helps organisations build resilience and respond to a changing climate. Our team has supported banks, insurers, infrastructure providers, government agencies, local governments and international organisations on hundreds of climate-related projects across Australia, New Zealand, Asia and the Pacific. We specialise in translating complex climate information into practical insights that support strategy, governance, risk management and investment decisions, helping organisations navigate uncertainty with greater clarity, confidence and preparedness.",Climate Data and Analytics,2-10 employees,Privately Held,"Brisbane, Queensland, Australia",Australia,informed.city,https://www.linkedin.com/company/informedcity
Climate Risk Advisory,"CRA specialises in the assessment of projected physical climate risks and opportunities for Australian businesses, single assets and property portfolios. 

Whether you are evaluating new development opportunities, managing existing properties or planning long-term investments, CRA can assist you in making proactive, informed decisions. We offer tailored reporting options, allowing you to choose the hazards, scenarios and time periods most relevant to your needs. 

Contact us today to find out more about the physical climate risks posed to your assets, and the climate-disclosure reporting requirements for your company.",Climate Data and Analytics,2-10 employees,Privately Held,"Sydney, New South Wales, Australia",Australia,climateriskadvisory.com.au,https://www.linkedin.com/company/climate-risk-advisory
Zilch.,"Zilch is the sustainability layer for products.

As sustainability data becomes a buying requirement, we help promo & industrial distributors use product-level sustainability to win business — in bids, procurement, reporting, and sales channels.

Fast, affordable, scalable, compliant product-level sustainability data — proven to win and retain customers.",Climate Data and Analytics,2-10 employees,Privately Held,"Melbourne, Victoria, Australia",Australia,tryzilch.com,https://www.linkedin.com/company/tryzilch
Cynoptec,"Cynoptec is Australia's leader in long-range Weather Intelligence, helping businesses make earlier decisions through advanced climate forecasting and atmospheric analysis.

Our Climate Intelligence Platform delivers long-range forecasts, seasonal outlooks and decision-ready insights that help organisations better understand climate risk months ahead. We support agriculture, agribusiness, insurance, mining, logistics, energy, finance, infrastructure and government with intelligence designed to improve planning confidence.

Since 2017, we have developed a proprietary forecasting methodology that identifies emerging weather patterns well before they become apparent through conventional forecasting timeframes. By integrating climate drivers, atmospheric signals and ongoing forecast validation, we provide a deeper understanding of seasonal progression and weather risk.

Our expertise includes long-range weather forecasting, seasonal climate outlooks, rainfall forecasting, temperature guidance, cyclone outlooks, drought risk assessment and climate intelligence for weather-sensitive industries.

Whether protecting agricultural production, managing operational risk or improving strategic planning, organisations rely on Cynoptec to deliver earlier awareness, clearer insight and greater confidence.

We don't just forecast the weather. We help the world prepare for it.

Know the FutureTM",Climate Data and Analytics,2-10 employees,Privately Held,"Queensland, Australia",Australia,cynoptec.com,https://www.linkedin.com/company/cynoptec
4tomorrow,"Affordable and efficient carbon management with 4tomorrow.

Many carbon management processes are costly and can take years to complete. We use a world-leading, data-driven approach to measure your supply chain emissions quickly and easily. We then devise an actionable plan so you can start working towards net zero straight away.

4tomorrow offers small-to-medium businesses simple and affordable carbon management. We measure your emissions and work with you to develop a plan towards net zero.

If you wish to offset, 4tomorrow will curate Carbon Projects that align with your companies values and budget that can be shared with your customers.",Climate Data and Analytics,51-200 employees,Privately Held,"Sydney, New South Wales, Australia",Australia,4tomorrow.com.au,https://www.linkedin.com/company/4tomorrowau
Prodegee.com,"Institutional investors manage $90 trillion in assets, yet less than 0.5% reaches green infrastructure — leaving a $2 trillion annual climate finance gap.

We have mapped 60 problems across this gap, organised into four requirements — greater transparency, better accountability, an articulated pipeline, and enhanced outcomes — and six institutional barriers — structural uncertainty, poor data, small ticket sizes, low liquidity, high risk perception, and difficult ESG integration. Each is addressed by six targeted solutions, 60 in total.

This problem-solution architecture is implemented through 16 constitutionally protected core features spanning responsible infrastructure, ontological intelligence, sovereign operations, and climate finance transformation — embedded architecturally, not bolted on. Principled constraints become competitive advantages — not despite being ethical, but because of it. This is what ethical AI means to us.

Data sovereignty builds trust. Privacy enables participation. Projects access institutional capital without surrendering autonomy.",Climate Data and Analytics,Self-employed,Privately Held,"W Tree, Victoria, Australia",Australia,prodegee.com,https://www.linkedin.com/company/prodegee
Zero Twenty Fifty,"ZeroTwentyFifty is a Commercial Open Source Software (COSS) company building solutions for creating and exchanging product-level carbon accounting data.

We offer bespoke software development services to organisations looking to develop their use of carbon accounting practices with technology, integrate our open-source software into your own technology environments and deploy drop-in resources for your software development teams working on climate change solutions.",Climate Data and Analytics,2-10 employees,Privately Held,"Melbourne, Victoria, Australia",Australia,zerotwentyfifty.com,https://www.linkedin.com/company/zero-twenty-fifty
Salvidia,Carbon intelligence driving sustainable growth.,Climate Data and Analytics,2-10 employees,Privately Held,"Sydney, New South Wales, Australia",Australia,salvidia.com,https://www.linkedin.com/company/salvidia
BrixTechnology,"Brixtech is a Business Freelancing company specialising in Data Science, selling services on platforms such as fiverr: https://www.fiverr.com/brixtechnology?public_mode=true

We are trying to help our message of improving the world of Data Science services, revolutionising a new world of Data Science, uncovering the hidden truths. 
To learn more about our services, and what we do, please visit our website: http://brixtech.com.au/

We post 2-3 blogs per week on topics relating to Data Science, looking into Data Science branches, comparing Data Science with other fields, advantages and disadvantages of the branches in Data Science, and much more.",Climate Data and Analytics,Self-employed,Self Employed,"Sydney, New South Wales, Australia",Australia,brixtech.com.au,https://www.linkedin.com/company/brixtechnology
Tilnest,"Tilnest is a comprehensive B2B corporate sustainability SaaS platform designed to streamline ESG reporting, carbon accounting, and strategic climate planning.

In an era of rapidly evolving regulatory landscapes, Tilnest empowers organizations to seamlessly navigate complex compliance frameworks—including ASRS, ISSB, ESRS, TCFD, and GRI—with confidence and precision. We replace fragmented spreadsheets and manual data entry with a centralized, data-driven ecosystem tailored for modern sustainability management.

Core Capabilities:

Carbon Accounting: Precise calculation and tracking of Scope 1, 2, and 3 emissions.

Materiality Assessments: Identify and prioritize the sustainability issues that matter most to your business and stakeholders.

Scenario Analysis: Model future climate scenarios to future-proof your corporate strategy.

Audit-Ready Reporting: Generate seamless, transparent reports aligned with the latest global standards.

Drive your sustainability transition with actionable insights, intelligent workflows, and robust compliance tools.

 Transform your reporting today: https://tilnest.com/",Climate Data and Analytics,2-10 employees,Privately Held,"Melbourne, Victoria, Australia",Australia,tilnest.com,https://www.linkedin.com/company/tilnest-esg
VeriCO2,"VeriCO2 is a Saas tool for reporting entities to quantify scope 3 carbon emissions for compliant annual reporting purposes. 

Uses verifiable industry data and scope 1 and 2 emissions of your counterparties to quantify your scope 3 carbon emissions using closing balances as per the mandatory climate reporting under IFRS.",Climate Data and Analytics,2-10 employees,Privately Held,"Brisbane, Queensland, Australia",Australia,verico2.com,https://www.linkedin.com/company/verico2
Nascio,"Former climate tech start-up, 2022-2024.

""Nascio Pty Ltd"" - registered in Sydney, Australia (June 2023 - May 2024)
https://abr.business.gov.au/ABN/View?id=61669053150 

Predecessor company ""Nascio OÜ"" - registered in Tallinn, Estonia (November 2022 - June 2023)
https://ariregister.rik.ee/eng/company/16609140/Nascio-OÜ",Climate Data and Analytics,2-10 employees,Privately Held,"North Sydney, New South Wales, Australia",Australia,nascio.au,https://www.linkedin.com/company/nascio-au
WeatherIt,"- Reimagining how businesses handle weather risk -
At WeatherIt, we’re not just building insurance — we’re transforming how Australians book and enjoy outdoor experiences. Our platform makes weather protection simple, seamless, and customer-first.

- Our Vision - : To make weather protection as natural as adding travel cover at checkout. Because every outdoor moment deserves protection.

- Our Disruption - : Traditional insurance is slow, complex, and reactive. WeatherIt is simple, instant, and proactive:
 Partners integrate in minutes, not months
 Customers protect experiences in 3 clicks
 Claims trigger automatically — no forms, no friction
 Pricing reflects real conditions, not guesswork

- Our Promise - : WeatherIt protects and delights. Customers book with confidence, knowing they’ll be looked after if weather disrupts their plans. Claims are fast and stress-free — replacing disappointment with reassurance.

- Our Innovation - : By combining Bureau of Meteorology data, smart automation, and customer-centred design, we’ve built a platform that grows trust and loyalty while unlocking new revenue. For the outdoor economy, we’re not an add-on — we’re a catalyst for resilience and growth.

- What drives us - : Technology should empower people. We’re reshaping insurance to protect customers, delight them when it matters most, and remove weather as a barrier to enjoying the outdoors.

- Who we work with - : Forward-thinking businesses in tourism, events, camping, and outdoor recreation — partners who want to give customers peace of mind while building stronger, more resilient businesses.

- Let’s connect if you’re passionate about -:
• Protecting and delighting customers with frictionless experiences
• Growing resilient outdoor businesses that thrive despite the weather
• Exploring B2B and B2B2C partnerships",Climate Data and Analytics,2-10 employees,Public Company,"Sydney, New South Wales, Australia",Australia,weatherit.ai,https://www.linkedin.com/company/weatherit
BoltScope,"BoltScope is the carbon-truth engine built for modern supply chains.

Regulators, investors, and customers now demand auditable Scope 3 data — but today’s collection process is messy, manual, and painfully redundant. BoltScope replaces endless spreadsheets and one-off surveys with a secure, blockchain-verified hub where suppliers upload ESG data once and instantly share it with every buyer who needs it.

What we do
Collect once, share everywhere. Standardised self-service forms guide suppliers — even small businesses — through emissions and ESG reporting in minutes.

Verify at the source. Cryptographic proof and smart validation rules lock every submission onto an immutable ledger, creating assurance-grade “Climate Receipts.”

Connect the network. A marketplace model lets corporates search, compare, and license supplier data — cutting reporting cycles from months to days and surfacing hotspots for decarbonisation.

Why it matters
Compliance, de-risked. ISSB, EU CSRD, SEC Climate, and ASIC RG 280: stay ahead of the fastest-moving regulations.

Investor-ready transparency. Demonstrate credible Scope 3 action and unlock sustainability-linked finance.

Supplier-friendly. One portal, zero licence fees for suppliers, and automated feedback that highlights reduction opportunities.

Where we are
BoltScope is pre-revenue and deep in customer discovery with global brands across apparel, logistics, and manufacturing. Early-access pilots launch Q4 2025 - join us to shape the future of verified ESG data.",Climate Data and Analytics,2-10 employees,Privately Held,"Melbourne, Victoria, Australia",Australia,getboltscope.com,https://www.linkedin.com/company/boltscope
"PPPP - People, Plants, Planet, Platform","The climate is warming, people genuinely want to do something. There is an overwhelming amount of information, even choices, however there is also scepticism as to what is real action and what is greenwashing.

PPPP aims to solve this through a technological solution  linking all investors with climate projects, where ALL investments of any value have transparent tracking and outcome mapping.",Climate Data and Analytics,2-10 employees,Privately Held,"Adelaide, South Australia, Australia",Australia,,https://www.linkedin.com/company/pppp-people-plants-planet-platform
Nelam.Earth,"Nelam.earth empowers mid-tier companies to Lead with Sustainable Impact with three core ESG Solutions in Sustainability Advisory, ESG Strategy Development and Data & Systems integration",Climate Data and Analytics,2-10 employees,Privately Held,"Sydney, New South Wales, Australia",Australia,nelam.earth,https://www.linkedin.com/company/nelam-earth
PiCycle.Binary,NAN,Climate Data and Analytics,Self-employed,Self Employed,"Melbourne, Victoria, Australia",Australia,null-cero.com.au,https://www.linkedin.com/company/pycycle-binary
Habitect Pty Ltd,"Habitect Pty Ltd is an Australian-based climate data and analytics company focused on residential decarbonisation.

Their platform creates digital twins of homes, enabling detailed tracking of carbon emissions, climate resilience, energy efficiency, and upgrades. This data-driven platform is built to support:

* Residents & homeowners: personalized retrofit plans, energy/emissions reduction strategies, and ongoing performance tracking.
* Commercial partners—banks, insurers, government agencies, and property managers: climate-smart property appraisals, scalable retrofit program design, risk assessment tooling, and ESG-aligned lending and underwriting support 

Key values include delivering climate resilience, financial uplift, and user engagement within the built environment.",Climate Data and Analytics,Self-employed,Privately Held,"Melbourne, Victoria, Australia",Australia,habitect.io,https://www.linkedin.com/company/habitect-pty-ltd
Nature Signal,"Nature Signal is building the financial signal for nature risk.

More than $44 trillion of global economic value is moderately or highly dependent on nature, yet financial markets still lack a trusted, decision-ready system to measure and price ecosystem risk.

We translate complex environmental data across land, water, biodiversity, and supply chains into simple, decision-grade insights for companies, banks, insurers, and investors.

Our platform connects ecosystems, supply chains, and capital markets—enabling organisations to identify risk, improve resilience, and redirect capital toward measurable nature improvement outcomes.

Through our financial decision signals — Nature Risk, Nature Stable, and Nature Gain — companies and financial institutions can optimise portfolios, improve sourcing and underwriting decisions, and systematically shift capital toward lower-risk, more resilient assets.

As regulation, disclosure requirements, and market expectations accelerate globally, Nature Signal provides the infrastructure needed to embed nature into financial and operational decision-making.

We believe nature will become a core financial variable of the global economy—and that trusted, transparent signals will fundamentally reshape how capital is priced, allocated, and rewarded in the decades ahead.",Climate Data and Analytics,2-10 employees,Privately Held,"Melbourne, Victoria, Australia",Australia,naturesignal.com,https://www.linkedin.com/company/nature-signal
HOPE Forward,"HOPE is an Australian initiative helping households navigate the transition to a lower-emissions future in practical, empowering and financially realistic ways.

We believe the path to net zero should feel achievable — not overwhelming.

As energy, technology and climate challenges reshape everyday life, many Australians want to make better choices for their homes, families and future, but often face rising costs, uncertainty and complexity.

HOPE exists to help bridge that gap.

Through technology, education, behavioural insights and community, we aim to help Australians:
• better understand their homes and energy use,
• reduce emissions over time,
• improve household efficiency,
• lower long-term costs,
• and feel more optimistic about the future.

We believe meaningful progress comes from practical action, not perfection.

Good for your home. Better for the future.",Climate Data and Analytics,2-10 employees,Privately Held,"Melbourne, Victoria, Australia",Australia,,https://www.linkedin.com/company/hope-for-net-zero
Florametrics,"Florametrics harnesses AI and sensor tech to measure and protect biodiversity—turning data into action. We’re building the future of biodiversity credits with real-time ecosystem insights, empowering conservation, investment, and policy. Our goal? A digital twin of all forests, redefining how nature is valued.",Climate Data and Analytics,2-10 employees,Privately Held,"Brisbane, Queensland, Australia",Australia,florametrics.ai,https://www.linkedin.com/company/florametrics
VerdiMetrics,"Verdimetrics is a sustainability reporting platform built specifically for Australian SMEs preparing to comply with the new Australian Sustainability Reporting Standards (ASRS).

We help businesses simplify and automate the process of measuring and reporting their environmental impact — with no spreadsheets, no consultants, and no jargon. From Scope 1–3 emissions to audit-ready disclosures, Verdimetrics gives small and mid-sized companies the confidence to meet mandatory sustainability requirements efficiently and affordably.

Our intuitive platform is designed for finance, operations, and ESG leads who need a streamlined, standards-aligned tool that just works. Whether you're reporting to stakeholders, preparing for assurance, or simply want to future-proof your business, Verdimetrics helps you stay ahead of deadlines and build trust with regulators, investors, and customers.

 Features include:
• ASRS-aligned reporting templates
• Scope 1–3 emissions calculator using local factors
• Easy data entry and secure documentation
• Audit-friendly exports
• Multi-user access and guided onboarding

We believe sustainability reporting shouldn’t be expensive, time-consuming, or confusing. Verdimetrics exists to make ESG compliance manageable — even for the smallest finance team.

 Based in Australia.
 Built for real-world reporting needs.
 Privacy-first, no greenwashing.

Join the companies simplifying their path to compliance — with Verdimetrics.",Climate Data and Analytics,Self-employed,Privately Held,"Sydney, New South Wales, Australia",Australia,verdimetrics.com.au,https://www.linkedin.com/company/verdi-metrics
Creative Heart Project (Passion Project),"Creative Heart Project was initially established to bring joy and educational resources to schools in Tuvalu.  Overtime, our mission expanded to working with schools, locals and the government in an effort to drive greater awareness on the local impact of climate change in this small island community.",Climate Data and Analytics,Self-employed,Self Employed,"Lane Cove, New South Wales, Australia",Australia,,https://www.linkedin.com/company/creative-heart-project
Green Fusion AI,"Green Fusion AI is an early-stage climate-tech venture exploring how artificial intelligence and ecological insights can support regenerative agriculture.

We are developing tools that combine soil diagnostics, field data, and climate modelling to help farmers make smarter, data-driven decisions about crop succession, soil health, and long-term land resilience. By blending technology with ecology, we aim to unlock underutilised agricultural potential, improve productivity, and reduce degradation risks.

Our ambition is to empower farmers, agronomists, and landholders with practical insights that strengthen both environmental outcomes and agricultural legacy.",Climate Data and Analytics,Self-employed,Privately Held,"Melbourne, Victoria, Australia",Australia,greenfusionai.com,https://www.linkedin.com/company/green-fusion-ai
G&M Advisory,"At G&M Advisory, we enhance your company's planning practices to align with reporting requirements stemming from mandatory climate-related disclosures and recognised international transition finance frameworks.",Climate Data and Analytics,2-10 employees,Privately Held,"Melbourne, Victoria, Australia",Australia,gmadvisory.net,https://www.linkedin.com/company/g-m-advisory
Synthion,"At Synthion, we believe in the power of Data Science and Artificial Intelligence to address some of the world’s most important and complex challenges. When used responsibly, data can create lasting, positive change.

Our mission is to unlock the full potential of data and AI through intelligent data synthesis to deliver the vision of smart, ethical, and sustainable solutions — generating meaningful social, environmental and economic impact.",Climate Data and Analytics,2-10 employees,Privately Held,"Wallacia, New South Wales, Australia",Australia,synthion.com.au,https://www.linkedin.com/company/synthionau
