Industry,Category
Automation Machinery Manufacturing,Tech
Climate Data and Analytics,Tech
Consumer Electronics,Tech
Industrial Automation,Tech
Nanotechnology Research,Tech
Renewable Energy Semiconductor Manufacturing,Tech
Robotics Engineering,Tech
Satellite Telecommunications,Tech
Space Research and Technology,Tech
Telecommunications,Tech
"Appliances, Electrical, and Electronics Manufacturing",Tech/Non-Tech
Biotechnology,Tech/Non-Tech
Biotechnology Research,Tech/Non-Tech
Climate Technology Product Manufacturing,Tech/Non-Tech
Information Services,Tech/Non-Tech
Media & Telecommunications,Tech/Non-Tech
Telecommunications Carriers,Tech/Non-Tech
